{
    "fecha_extraccion": "2026-01-13T22:24:19.004Z",
    "regiones": [
      {
        "id": 1,
        "nombre": "Región de Arica y Parinacota",
        "numero": 15
      },
      {
        "id": 2,
        "nombre": "Región de Tarapacá",
        "numero": 1
      },
      {
        "id": 3,
        "nombre": "Región de Antofagasta",
        "numero": 2
      },
      {
        "id": 4,
        "nombre": "Región de Atacama",
        "numero": 3
      },
      {
        "id": 5,
        "nombre": "Región de Coquimbo",
        "numero": 4
      },
      {
        "id": 6,
        "nombre": "Región de Valparaíso",
        "numero": 5
      },
      {
        "id": 7,
        "nombre": "Región del Libertador General Bernardo O'Higgins",
        "numero": 6
      },
      {
        "id": 8,
        "nombre": "Región del Maule",
        "numero": 7
      },
      {
        "id": 9,
        "nombre": "Región del Biobío",
        "numero": 8
      },
      {
        "id": 10,
        "nombre": "Región de La Araucanía",
        "numero": 9
      },
      {
        "id": 11,
        "nombre": "Región de Los Ríos",
        "numero": 14
      },
      {
        "id": 12,
        "nombre": "Región de Los Lagos",
        "numero": 10
      },
      {
        "id": 13,
        "nombre": "Región Aysén del General Carlos Ibáñez del Campo",
        "numero": 11
      },
      {
        "id": 14,
        "nombre": "Región de Magallanes y de la Antártica Chilena",
        "numero": 12
      },
      {
        "id": 15,
        "nombre": "Región Metropolitana de Santiago",
        "numero": 13
      },
      {
        "id": 27,
        "nombre": "Región de Ñuble",
        "numero": 16
      }
    ],
    "comunas": [
      {
        "id": 1,
        "nombre": "Arica",
        "numero": 15101,
        "region_id": 1
      },
      {
        "id": 2,
        "nombre": "Camarones",
        "numero": 15102,
        "region_id": 1
      },
      {
        "id": 3,
        "nombre": "Putre",
        "numero": 15201,
        "region_id": 1
      },
      {
        "id": 4,
        "nombre": "General Lagos",
        "numero": 15202,
        "region_id": 1
      },
      {
        "id": 5,
        "nombre": "Iquique",
        "numero": 1101,
        "region_id": 2
      },
      {
        "id": 6,
        "nombre": "Alto Hospicio",
        "numero": 1107,
        "region_id": 2
      },
      {
        "id": 7,
        "nombre": "Pozo Almonte",
        "numero": 1401,
        "region_id": 2
      },
      {
        "id": 8,
        "nombre": "Camiña",
        "numero": 1402,
        "region_id": 2
      },
      {
        "id": 9,
        "nombre": "Colchane",
        "numero": 1403,
        "region_id": 2
      },
      {
        "id": 10,
        "nombre": "Huara",
        "numero": 1404,
        "region_id": 2
      },
      {
        "id": 11,
        "nombre": "Pica",
        "numero": 1405,
        "region_id": 2
      },
      {
        "id": 12,
        "nombre": "Antofagasta",
        "numero": 2101,
        "region_id": 3
      },
      {
        "id": 13,
        "nombre": "Mejillones",
        "numero": 2102,
        "region_id": 3
      },
      {
        "id": 14,
        "nombre": "Sierra Gorda",
        "numero": 2103,
        "region_id": 3
      },
      {
        "id": 15,
        "nombre": "Taltal",
        "numero": 2104,
        "region_id": 3
      },
      {
        "id": 16,
        "nombre": "Calama",
        "numero": 2201,
        "region_id": 3
      },
      {
        "id": 17,
        "nombre": "Ollagüe",
        "numero": 2202,
        "region_id": 3
      },
      {
        "id": 18,
        "nombre": "San Pedro de Atacama",
        "numero": 2203,
        "region_id": 3
      },
      {
        "id": 19,
        "nombre": "Tocopilla",
        "numero": 2301,
        "region_id": 3
      },
      {
        "id": 20,
        "nombre": "María Elena",
        "numero": 2302,
        "region_id": 3
      },
      {
        "id": 21,
        "nombre": "Copiapó",
        "numero": 3101,
        "region_id": 4
      },
      {
        "id": 22,
        "nombre": "Caldera",
        "numero": 3102,
        "region_id": 4
      },
      {
        "id": 23,
        "nombre": "Tierra Amarilla",
        "numero": 3103,
        "region_id": 4
      },
      {
        "id": 24,
        "nombre": "Chañaral",
        "numero": 3201,
        "region_id": 4
      },
      {
        "id": 25,
        "nombre": "Diego de Almagro",
        "numero": 3202,
        "region_id": 4
      },
      {
        "id": 26,
        "nombre": "Vallenar",
        "numero": 3301,
        "region_id": 4
      },
      {
        "id": 27,
        "nombre": "Alto del Carmen",
        "numero": 3302,
        "region_id": 4
      },
      {
        "id": 28,
        "nombre": "Freirina",
        "numero": 3303,
        "region_id": 4
      },
      {
        "id": 29,
        "nombre": "Huasco",
        "numero": 3304,
        "region_id": 4
      },
      {
        "id": 30,
        "nombre": "La Serena",
        "numero": 4101,
        "region_id": 5
      },
      {
        "id": 31,
        "nombre": "Coquimbo",
        "numero": 4102,
        "region_id": 5
      },
      {
        "id": 32,
        "nombre": "Andacollo",
        "numero": 4103,
        "region_id": 5
      },
      {
        "id": 33,
        "nombre": "La Higuera",
        "numero": 4104,
        "region_id": 5
      },
      {
        "id": 34,
        "nombre": "Paihuano",
        "numero": 4105,
        "region_id": 5
      },
      {
        "id": 35,
        "nombre": "Vicuña",
        "numero": 4106,
        "region_id": 5
      },
      {
        "id": 36,
        "nombre": "Illapel",
        "numero": 4201,
        "region_id": 5
      },
      {
        "id": 37,
        "nombre": "Canela",
        "numero": 4202,
        "region_id": 5
      },
      {
        "id": 38,
        "nombre": "Los Vilos",
        "numero": 4203,
        "region_id": 5
      },
      {
        "id": 39,
        "nombre": "Salamanca",
        "numero": 4204,
        "region_id": 5
      },
      {
        "id": 40,
        "nombre": "Ovalle",
        "numero": 4301,
        "region_id": 5
      },
      {
        "id": 41,
        "nombre": "Combarbalá",
        "numero": 4302,
        "region_id": 5
      },
      {
        "id": 42,
        "nombre": "Monte Patria",
        "numero": 4303,
        "region_id": 5
      },
      {
        "id": 43,
        "nombre": "Punitaqui",
        "numero": 4304,
        "region_id": 5
      },
      {
        "id": 44,
        "nombre": "Río Hurtado",
        "numero": 4305,
        "region_id": 5
      },
      {
        "id": 45,
        "nombre": "Valparaíso",
        "numero": 5101,
        "region_id": 6
      },
      {
        "id": 46,
        "nombre": "Casablanca",
        "numero": 5102,
        "region_id": 6
      },
      {
        "id": 47,
        "nombre": "Concón",
        "numero": 5103,
        "region_id": 6
      },
      {
        "id": 48,
        "nombre": "Juan Fernández",
        "numero": 5104,
        "region_id": 6
      },
      {
        "id": 49,
        "nombre": "Puchuncaví",
        "numero": 5105,
        "region_id": 6
      },
      {
        "id": 50,
        "nombre": "Quintero",
        "numero": 5107,
        "region_id": 6
      },
      {
        "id": 51,
        "nombre": "Viña del Mar",
        "numero": 5109,
        "region_id": 6
      },
      {
        "id": 52,
        "nombre": "Isla de Pascua",
        "numero": 5201,
        "region_id": 6
      },
      {
        "id": 53,
        "nombre": "Los Andes",
        "numero": 5301,
        "region_id": 6
      },
      {
        "id": 54,
        "nombre": "Calle Larga",
        "numero": 5302,
        "region_id": 6
      },
      {
        "id": 55,
        "nombre": "Rinconada",
        "numero": 5303,
        "region_id": 6
      },
      {
        "id": 56,
        "nombre": "San Esteban",
        "numero": 5304,
        "region_id": 6
      },
      {
        "id": 57,
        "nombre": "La Ligua",
        "numero": 5401,
        "region_id": 6
      },
      {
        "id": 58,
        "nombre": "Cabildo",
        "numero": 5402,
        "region_id": 6
      },
      {
        "id": 59,
        "nombre": "Papudo",
        "numero": 5403,
        "region_id": 6
      },
      {
        "id": 60,
        "nombre": "Petorca",
        "numero": 5404,
        "region_id": 6
      },
      {
        "id": 61,
        "nombre": "Zapallar",
        "numero": 5405,
        "region_id": 6
      },
      {
        "id": 62,
        "nombre": "Quillota",
        "numero": 5501,
        "region_id": 6
      },
      {
        "id": 63,
        "nombre": "La Calera",
        "numero": 5502,
        "region_id": 6
      },
      {
        "id": 64,
        "nombre": "Hijuelas",
        "numero": 5503,
        "region_id": 6
      },
      {
        "id": 65,
        "nombre": "La Cruz",
        "numero": 5504,
        "region_id": 6
      },
      {
        "id": 66,
        "nombre": "Nogales",
        "numero": 5506,
        "region_id": 6
      },
      {
        "id": 67,
        "nombre": "San Antonio",
        "numero": 5601,
        "region_id": 6
      },
      {
        "id": 68,
        "nombre": "Algarrobo",
        "numero": 5602,
        "region_id": 6
      },
      {
        "id": 69,
        "nombre": "Cartagena",
        "numero": 5603,
        "region_id": 6
      },
      {
        "id": 70,
        "nombre": "El Quisco",
        "numero": 5604,
        "region_id": 6
      },
      {
        "id": 71,
        "nombre": "El Tabo",
        "numero": 5605,
        "region_id": 6
      },
      {
        "id": 72,
        "nombre": "Santo Domingo",
        "numero": 5606,
        "region_id": 6
      },
      {
        "id": 73,
        "nombre": "San Felipe",
        "numero": 5701,
        "region_id": 6
      },
      {
        "id": 74,
        "nombre": "Catemu",
        "numero": 5702,
        "region_id": 6
      },
      {
        "id": 75,
        "nombre": "Llay-Llay",
        "numero": 5703,
        "region_id": 6
      },
      {
        "id": 76,
        "nombre": "Panquehue",
        "numero": 5704,
        "region_id": 6
      },
      {
        "id": 77,
        "nombre": "Putaendo",
        "numero": 5705,
        "region_id": 6
      },
      {
        "id": 78,
        "nombre": "Santa María",
        "numero": 5706,
        "region_id": 6
      },
      {
        "id": 79,
        "nombre": "Quilpué",
        "numero": 5801,
        "region_id": 6
      },
      {
        "id": 80,
        "nombre": "Limache",
        "numero": 5802,
        "region_id": 6
      },
      {
        "id": 81,
        "nombre": "Olmué",
        "numero": 5803,
        "region_id": 6
      },
      {
        "id": 82,
        "nombre": "Villa Alemana",
        "numero": 5804,
        "region_id": 6
      },
      {
        "id": 83,
        "nombre": "Rancagua",
        "numero": 6101,
        "region_id": 7
      },
      {
        "id": 84,
        "nombre": "Codegua",
        "numero": 6102,
        "region_id": 7
      },
      {
        "id": 85,
        "nombre": "Coinco",
        "numero": 6103,
        "region_id": 7
      },
      {
        "id": 86,
        "nombre": "Coltauco",
        "numero": 6104,
        "region_id": 7
      },
      {
        "id": 87,
        "nombre": "Doñihue",
        "numero": 6105,
        "region_id": 7
      },
      {
        "id": 88,
        "nombre": "Graneros",
        "numero": 6106,
        "region_id": 7
      },
      {
        "id": 89,
        "nombre": "Las Cabras",
        "numero": 6107,
        "region_id": 7
      },
      {
        "id": 90,
        "nombre": "Machalí",
        "numero": 6108,
        "region_id": 7
      },
      {
        "id": 91,
        "nombre": "Malloa",
        "numero": 6109,
        "region_id": 7
      },
      {
        "id": 92,
        "nombre": "Mostazal",
        "numero": 6110,
        "region_id": 7
      },
      {
        "id": 93,
        "nombre": "Olivar",
        "numero": 6111,
        "region_id": 7
      },
      {
        "id": 94,
        "nombre": "Peumo",
        "numero": 6112,
        "region_id": 7
      },
      {
        "id": 95,
        "nombre": "Pichidegua",
        "numero": 6113,
        "region_id": 7
      },
      {
        "id": 96,
        "nombre": "Quinta de Tilcoco",
        "numero": 6114,
        "region_id": 7
      },
      {
        "id": 97,
        "nombre": "Rengo",
        "numero": 6115,
        "region_id": 7
      },
      {
        "id": 98,
        "nombre": "Requínoa",
        "numero": 6116,
        "region_id": 7
      },
      {
        "id": 99,
        "nombre": "San Vicente",
        "numero": 6117,
        "region_id": 7
      },
      {
        "id": 100,
        "nombre": "Pichilemu",
        "numero": 6201,
        "region_id": 7
      },
      {
        "id": 101,
        "nombre": "La Estrella",
        "numero": 6202,
        "region_id": 7
      },
      {
        "id": 102,
        "nombre": "Litueche",
        "numero": 6203,
        "region_id": 7
      },
      {
        "id": 103,
        "nombre": "Marchihue",
        "numero": 6204,
        "region_id": 7
      },
      {
        "id": 104,
        "nombre": "Navidad",
        "numero": 6205,
        "region_id": 7
      },
      {
        "id": 105,
        "nombre": "Paredones",
        "numero": 6206,
        "region_id": 7
      },
      {
        "id": 106,
        "nombre": "San Fernando",
        "numero": 6301,
        "region_id": 7
      },
      {
        "id": 107,
        "nombre": "Chépica",
        "numero": 6302,
        "region_id": 7
      },
      {
        "id": 108,
        "nombre": "Chimbarongo",
        "numero": 6303,
        "region_id": 7
      },
      {
        "id": 109,
        "nombre": "Lolol",
        "numero": 6304,
        "region_id": 7
      },
      {
        "id": 110,
        "nombre": "Nancagua",
        "numero": 6305,
        "region_id": 7
      },
      {
        "id": 111,
        "nombre": "Palmilla",
        "numero": 6306,
        "region_id": 7
      },
      {
        "id": 112,
        "nombre": "Peralillo",
        "numero": 6307,
        "region_id": 7
      },
      {
        "id": 113,
        "nombre": "Placilla",
        "numero": 6308,
        "region_id": 7
      },
      {
        "id": 114,
        "nombre": "Pumanque",
        "numero": 6309,
        "region_id": 7
      },
      {
        "id": 115,
        "nombre": "Santa Cruz",
        "numero": 6310,
        "region_id": 7
      },
      {
        "id": 116,
        "nombre": "Talca",
        "numero": 7101,
        "region_id": 8
      },
      {
        "id": 117,
        "nombre": "Constitución",
        "numero": 7102,
        "region_id": 8
      },
      {
        "id": 118,
        "nombre": "Curepto",
        "numero": 7103,
        "region_id": 8
      },
      {
        "id": 119,
        "nombre": "Empedrado",
        "numero": 7104,
        "region_id": 8
      },
      {
        "id": 120,
        "nombre": "Maule",
        "numero": 7105,
        "region_id": 8
      },
      {
        "id": 121,
        "nombre": "Pelarco",
        "numero": 7106,
        "region_id": 8
      },
      {
        "id": 122,
        "nombre": "Pencahue",
        "numero": 7107,
        "region_id": 8
      },
      {
        "id": 123,
        "nombre": "Río Claro",
        "numero": 7108,
        "region_id": 8
      },
      {
        "id": 124,
        "nombre": "San Clemente",
        "numero": 7109,
        "region_id": 8
      },
      {
        "id": 125,
        "nombre": "San Rafael",
        "numero": 7110,
        "region_id": 8
      },
      {
        "id": 126,
        "nombre": "Cauquenes",
        "numero": 7201,
        "region_id": 8
      },
      {
        "id": 127,
        "nombre": "Chanco",
        "numero": 7202,
        "region_id": 8
      },
      {
        "id": 128,
        "nombre": "Pelluhue",
        "numero": 7203,
        "region_id": 8
      },
      {
        "id": 129,
        "nombre": "Curicó",
        "numero": 7301,
        "region_id": 8
      },
      {
        "id": 130,
        "nombre": "Hualañé",
        "numero": 7302,
        "region_id": 8
      },
      {
        "id": 131,
        "nombre": "Licantén",
        "numero": 7303,
        "region_id": 8
      },
      {
        "id": 132,
        "nombre": "Molina",
        "numero": 7304,
        "region_id": 8
      },
      {
        "id": 133,
        "nombre": "Rauco",
        "numero": 7305,
        "region_id": 8
      },
      {
        "id": 134,
        "nombre": "Romeral",
        "numero": 7306,
        "region_id": 8
      },
      {
        "id": 135,
        "nombre": "Sagrada Familia",
        "numero": 7307,
        "region_id": 8
      },
      {
        "id": 136,
        "nombre": "Teno",
        "numero": 7308,
        "region_id": 8
      },
      {
        "id": 137,
        "nombre": "Vichuquén",
        "numero": 7309,
        "region_id": 8
      },
      {
        "id": 138,
        "nombre": "Linares",
        "numero": 7401,
        "region_id": 8
      },
      {
        "id": 139,
        "nombre": "Colbún",
        "numero": 7402,
        "region_id": 8
      },
      {
        "id": 140,
        "nombre": "Longaví",
        "numero": 7403,
        "region_id": 8
      },
      {
        "id": 141,
        "nombre": "Parral",
        "numero": 7404,
        "region_id": 8
      },
      {
        "id": 142,
        "nombre": "Retiro",
        "numero": 7405,
        "region_id": 8
      },
      {
        "id": 143,
        "nombre": "San Javier",
        "numero": 7406,
        "region_id": 8
      },
      {
        "id": 144,
        "nombre": "Villa Alegre",
        "numero": 7407,
        "region_id": 8
      },
      {
        "id": 145,
        "nombre": "Yerbas Buenas",
        "numero": 7408,
        "region_id": 8
      },
      {
        "id": 146,
        "nombre": "Concepción",
        "numero": 8101,
        "region_id": 9
      },
      {
        "id": 147,
        "nombre": "Coronel",
        "numero": 8102,
        "region_id": 9
      },
      {
        "id": 148,
        "nombre": "Chiguayante",
        "numero": 8103,
        "region_id": 9
      },
      {
        "id": 149,
        "nombre": "Florida",
        "numero": 8104,
        "region_id": 9
      },
      {
        "id": 150,
        "nombre": "Hualqui",
        "numero": 8105,
        "region_id": 9
      },
      {
        "id": 151,
        "nombre": "Lota",
        "numero": 8106,
        "region_id": 9
      },
      {
        "id": 152,
        "nombre": "Penco",
        "numero": 8107,
        "region_id": 9
      },
      {
        "id": 153,
        "nombre": "San Pedro de La Paz",
        "numero": 8108,
        "region_id": 9
      },
      {
        "id": 154,
        "nombre": "Santa Juana",
        "numero": 8109,
        "region_id": 9
      },
      {
        "id": 155,
        "nombre": "Talcahuano",
        "numero": 8110,
        "region_id": 9
      },
      {
        "id": 156,
        "nombre": "Tomé",
        "numero": 8111,
        "region_id": 9
      },
      {
        "id": 157,
        "nombre": "Hualpén",
        "numero": 8112,
        "region_id": 9
      },
      {
        "id": 158,
        "nombre": "Lebu",
        "numero": 8201,
        "region_id": 9
      },
      {
        "id": 159,
        "nombre": "Arauco",
        "numero": 8202,
        "region_id": 9
      },
      {
        "id": 160,
        "nombre": "Cañete",
        "numero": 8203,
        "region_id": 9
      },
      {
        "id": 161,
        "nombre": "Contulmo",
        "numero": 8204,
        "region_id": 9
      },
      {
        "id": 162,
        "nombre": "Curanilahue",
        "numero": 8205,
        "region_id": 9
      },
      {
        "id": 163,
        "nombre": "Los Álamos",
        "numero": 8206,
        "region_id": 9
      },
      {
        "id": 164,
        "nombre": "Tirúa",
        "numero": 8207,
        "region_id": 9
      },
      {
        "id": 165,
        "nombre": "Los Ángeles",
        "numero": 8301,
        "region_id": 9
      },
      {
        "id": 166,
        "nombre": "Antuco",
        "numero": 8302,
        "region_id": 9
      },
      {
        "id": 167,
        "nombre": "Cabrero",
        "numero": 8303,
        "region_id": 9
      },
      {
        "id": 168,
        "nombre": "Laja",
        "numero": 8304,
        "region_id": 9
      },
      {
        "id": 169,
        "nombre": "Mulchén",
        "numero": 8305,
        "region_id": 9
      },
      {
        "id": 170,
        "nombre": "Nacimiento",
        "numero": 8306,
        "region_id": 9
      },
      {
        "id": 171,
        "nombre": "Negrete",
        "numero": 8307,
        "region_id": 9
      },
      {
        "id": 172,
        "nombre": "Quilaco",
        "numero": 8308,
        "region_id": 9
      },
      {
        "id": 173,
        "nombre": "Quilleco",
        "numero": 8309,
        "region_id": 9
      },
      {
        "id": 174,
        "nombre": "San Rosendo",
        "numero": 8310,
        "region_id": 9
      },
      {
        "id": 175,
        "nombre": "Santa Bárbara",
        "numero": 8311,
        "region_id": 9
      },
      {
        "id": 176,
        "nombre": "Tucapel",
        "numero": 8312,
        "region_id": 9
      },
      {
        "id": 177,
        "nombre": "Yumbel",
        "numero": 8313,
        "region_id": 9
      },
      {
        "id": 178,
        "nombre": "Alto Biobío",
        "numero": 8314,
        "region_id": 9
      },
      {
        "id": 200,
        "nombre": "Temuco",
        "numero": 9101,
        "region_id": 10
      },
      {
        "id": 201,
        "nombre": "Carahue",
        "numero": 9102,
        "region_id": 10
      },
      {
        "id": 202,
        "nombre": "Cunco",
        "numero": 9103,
        "region_id": 10
      },
      {
        "id": 203,
        "nombre": "Curarrehue",
        "numero": 9104,
        "region_id": 10
      },
      {
        "id": 204,
        "nombre": "Freire",
        "numero": 9105,
        "region_id": 10
      },
      {
        "id": 205,
        "nombre": "Galvarino",
        "numero": 9106,
        "region_id": 10
      },
      {
        "id": 206,
        "nombre": "Gorbea",
        "numero": 9107,
        "region_id": 10
      },
      {
        "id": 207,
        "nombre": "Lautaro",
        "numero": 9108,
        "region_id": 10
      },
      {
        "id": 208,
        "nombre": "Loncoche",
        "numero": 9109,
        "region_id": 10
      },
      {
        "id": 209,
        "nombre": "Melipeuco",
        "numero": 9110,
        "region_id": 10
      },
      {
        "id": 210,
        "nombre": "Nueva Imperial",
        "numero": 9111,
        "region_id": 10
      },
      {
        "id": 211,
        "nombre": "Padre Las Casas",
        "numero": 9112,
        "region_id": 10
      },
      {
        "id": 212,
        "nombre": "Perquenco",
        "numero": 9113,
        "region_id": 10
      },
      {
        "id": 213,
        "nombre": "Pitrufquén",
        "numero": 9114,
        "region_id": 10
      },
      {
        "id": 214,
        "nombre": "Pucón",
        "numero": 9115,
        "region_id": 10
      },
      {
        "id": 215,
        "nombre": "Saavedra",
        "numero": 9116,
        "region_id": 10
      },
      {
        "id": 216,
        "nombre": "Teodoro Schmidt",
        "numero": 9117,
        "region_id": 10
      },
      {
        "id": 217,
        "nombre": "Toltén",
        "numero": 9118,
        "region_id": 10
      },
      {
        "id": 218,
        "nombre": "Vilcún",
        "numero": 9119,
        "region_id": 10
      },
      {
        "id": 219,
        "nombre": "Villarrica",
        "numero": 9120,
        "region_id": 10
      },
      {
        "id": 220,
        "nombre": "Cholchol",
        "numero": 9121,
        "region_id": 10
      },
      {
        "id": 221,
        "nombre": "Angol",
        "numero": 9201,
        "region_id": 10
      },
      {
        "id": 222,
        "nombre": "Collipulli",
        "numero": 9202,
        "region_id": 10
      },
      {
        "id": 223,
        "nombre": "Curacautín",
        "numero": 9203,
        "region_id": 10
      },
      {
        "id": 224,
        "nombre": "Ercilla",
        "numero": 9204,
        "region_id": 10
      },
      {
        "id": 225,
        "nombre": "Lonquimay",
        "numero": 9205,
        "region_id": 10
      },
      {
        "id": 226,
        "nombre": "Los Sauces",
        "numero": 9206,
        "region_id": 10
      },
      {
        "id": 227,
        "nombre": "Lumaco",
        "numero": 9207,
        "region_id": 10
      },
      {
        "id": 228,
        "nombre": "Purén",
        "numero": 9208,
        "region_id": 10
      },
      {
        "id": 229,
        "nombre": "Renaico",
        "numero": 9209,
        "region_id": 10
      },
      {
        "id": 230,
        "nombre": "Traiguén",
        "numero": 9210,
        "region_id": 10
      },
      {
        "id": 231,
        "nombre": "Victoria",
        "numero": 9211,
        "region_id": 10
      },
      {
        "id": 232,
        "nombre": "Valdivia",
        "numero": 14101,
        "region_id": 11
      },
      {
        "id": 233,
        "nombre": "Corral",
        "numero": 14102,
        "region_id": 11
      },
      {
        "id": 234,
        "nombre": "Lanco",
        "numero": 14103,
        "region_id": 11
      },
      {
        "id": 235,
        "nombre": "Los Lagos",
        "numero": 14104,
        "region_id": 11
      },
      {
        "id": 236,
        "nombre": "Máfil",
        "numero": 14105,
        "region_id": 11
      },
      {
        "id": 237,
        "nombre": "Mariquina",
        "numero": 14106,
        "region_id": 11
      },
      {
        "id": 238,
        "nombre": "Paillaco",
        "numero": 14107,
        "region_id": 11
      },
      {
        "id": 239,
        "nombre": "Panguipulli",
        "numero": 14108,
        "region_id": 11
      },
      {
        "id": 240,
        "nombre": "La Unión",
        "numero": 14201,
        "region_id": 11
      },
      {
        "id": 241,
        "nombre": "Futrono",
        "numero": 14202,
        "region_id": 11
      },
      {
        "id": 242,
        "nombre": "Lago Ranco",
        "numero": 14203,
        "region_id": 11
      },
      {
        "id": 243,
        "nombre": "Río Bueno",
        "numero": 14204,
        "region_id": 11
      },
      {
        "id": 244,
        "nombre": "Puerto Montt",
        "numero": 10101,
        "region_id": 12
      },
      {
        "id": 245,
        "nombre": "Calbuco",
        "numero": 10102,
        "region_id": 12
      },
      {
        "id": 246,
        "nombre": "Cochamó",
        "numero": 10103,
        "region_id": 12
      },
      {
        "id": 247,
        "nombre": "Fresia",
        "numero": 10104,
        "region_id": 12
      },
      {
        "id": 248,
        "nombre": "Frutillar",
        "numero": 10105,
        "region_id": 12
      },
      {
        "id": 249,
        "nombre": "Los Muermos",
        "numero": 10106,
        "region_id": 12
      },
      {
        "id": 250,
        "nombre": "Llanquihue",
        "numero": 10107,
        "region_id": 12
      },
      {
        "id": 251,
        "nombre": "Maullín",
        "numero": 10108,
        "region_id": 12
      },
      {
        "id": 252,
        "nombre": "Puerto Varas",
        "numero": 10109,
        "region_id": 12
      },
      {
        "id": 253,
        "nombre": "Castro",
        "numero": 10201,
        "region_id": 12
      },
      {
        "id": 254,
        "nombre": "Ancud",
        "numero": 10202,
        "region_id": 12
      },
      {
        "id": 255,
        "nombre": "Chonchi",
        "numero": 10203,
        "region_id": 12
      },
      {
        "id": 256,
        "nombre": "Curaco de Vélez",
        "numero": 10204,
        "region_id": 12
      },
      {
        "id": 257,
        "nombre": "Dalcahue",
        "numero": 10205,
        "region_id": 12
      },
      {
        "id": 258,
        "nombre": "Puqueldón",
        "numero": 10206,
        "region_id": 12
      },
      {
        "id": 259,
        "nombre": "Queilén",
        "numero": 10207,
        "region_id": 12
      },
      {
        "id": 260,
        "nombre": "Quellón",
        "numero": 10208,
        "region_id": 12
      },
      {
        "id": 261,
        "nombre": "Quemchi",
        "numero": 10209,
        "region_id": 12
      },
      {
        "id": 262,
        "nombre": "Quinchao",
        "numero": 10210,
        "region_id": 12
      },
      {
        "id": 263,
        "nombre": "Osorno",
        "numero": 10301,
        "region_id": 12
      },
      {
        "id": 264,
        "nombre": "Puerto Octay",
        "numero": 10302,
        "region_id": 12
      },
      {
        "id": 265,
        "nombre": "Purranque",
        "numero": 10303,
        "region_id": 12
      },
      {
        "id": 266,
        "nombre": "Puyehue",
        "numero": 10304,
        "region_id": 12
      },
      {
        "id": 267,
        "nombre": "Río Negro",
        "numero": 10305,
        "region_id": 12
      },
      {
        "id": 268,
        "nombre": "San Juan de la Costa",
        "numero": 10306,
        "region_id": 12
      },
      {
        "id": 269,
        "nombre": "San Pablo",
        "numero": 10307,
        "region_id": 12
      },
      {
        "id": 270,
        "nombre": "Chaitén",
        "numero": 10401,
        "region_id": 12
      },
      {
        "id": 271,
        "nombre": "Futaleufú",
        "numero": 10402,
        "region_id": 12
      },
      {
        "id": 272,
        "nombre": "Hualaihué",
        "numero": 10403,
        "region_id": 12
      },
      {
        "id": 273,
        "nombre": "Palena",
        "numero": 10404,
        "region_id": 12
      },
      {
        "id": 274,
        "nombre": "Coyhaique",
        "numero": 11101,
        "region_id": 13
      },
      {
        "id": 275,
        "nombre": "Lago Verde",
        "numero": 11102,
        "region_id": 13
      },
      {
        "id": 276,
        "nombre": "Aysén",
        "numero": 11201,
        "region_id": 13
      },
      {
        "id": 277,
        "nombre": "Cisnes",
        "numero": 11202,
        "region_id": 13
      },
      {
        "id": 278,
        "nombre": "Guaitecas",
        "numero": 11203,
        "region_id": 13
      },
      {
        "id": 279,
        "nombre": "Cochrane",
        "numero": 11301,
        "region_id": 13
      },
      {
        "id": 280,
        "nombre": "O'Higgins",
        "numero": 11302,
        "region_id": 13
      },
      {
        "id": 281,
        "nombre": "Tortel",
        "numero": 11303,
        "region_id": 13
      },
      {
        "id": 282,
        "nombre": "Chile Chico",
        "numero": 11401,
        "region_id": 13
      },
      {
        "id": 283,
        "nombre": "Río Ibáñez",
        "numero": 11402,
        "region_id": 13
      },
      {
        "id": 284,
        "nombre": "Punta Arenas",
        "numero": 12101,
        "region_id": 14
      },
      {
        "id": 285,
        "nombre": "Laguna Blanca",
        "numero": 12102,
        "region_id": 14
      },
      {
        "id": 286,
        "nombre": "Río Verde",
        "numero": 12103,
        "region_id": 14
      },
      {
        "id": 287,
        "nombre": "San Gregorio",
        "numero": 12104,
        "region_id": 14
      },
      {
        "id": 288,
        "nombre": "Cabo de Hornos",
        "numero": 12201,
        "region_id": 14
      },
      {
        "id": 289,
        "nombre": "Antártica",
        "numero": 12202,
        "region_id": 14
      },
      {
        "id": 290,
        "nombre": "Porvenir",
        "numero": 12301,
        "region_id": 14
      },
      {
        "id": 291,
        "nombre": "Primavera",
        "numero": 12302,
        "region_id": 14
      },
      {
        "id": 292,
        "nombre": "Timaukel",
        "numero": 12303,
        "region_id": 14
      },
      {
        "id": 293,
        "nombre": "Natales",
        "numero": 12401,
        "region_id": 14
      },
      {
        "id": 294,
        "nombre": "Torres del Paine",
        "numero": 12402,
        "region_id": 14
      },
      {
        "id": 295,
        "nombre": "Santiago",
        "numero": 13101,
        "region_id": 15
      },
      {
        "id": 296,
        "nombre": "Cerrillos",
        "numero": 13102,
        "region_id": 15
      },
      {
        "id": 297,
        "nombre": "Cerro Navia",
        "numero": 13103,
        "region_id": 15
      },
      {
        "id": 298,
        "nombre": "Conchalí",
        "numero": 13104,
        "region_id": 15
      },
      {
        "id": 299,
        "nombre": "El Bosque",
        "numero": 13105,
        "region_id": 15
      },
      {
        "id": 300,
        "nombre": "Estación Central",
        "numero": 13106,
        "region_id": 15
      },
      {
        "id": 301,
        "nombre": "Huechuraba",
        "numero": 13107,
        "region_id": 15
      },
      {
        "id": 302,
        "nombre": "Independencia",
        "numero": 13108,
        "region_id": 15
      },
      {
        "id": 303,
        "nombre": "La Cisterna",
        "numero": 13109,
        "region_id": 15
      },
      {
        "id": 304,
        "nombre": "La Florida",
        "numero": 13110,
        "region_id": 15
      },
      {
        "id": 305,
        "nombre": "La Granja",
        "numero": 13111,
        "region_id": 15
      },
      {
        "id": 306,
        "nombre": "La Pintana",
        "numero": 13112,
        "region_id": 15
      },
      {
        "id": 307,
        "nombre": "La Reina",
        "numero": 13113,
        "region_id": 15
      },
      {
        "id": 308,
        "nombre": "Las Condes",
        "numero": 13114,
        "region_id": 15
      },
      {
        "id": 309,
        "nombre": "Lo Barnechea",
        "numero": 13115,
        "region_id": 15
      },
      {
        "id": 310,
        "nombre": "Lo Espejo",
        "numero": 13116,
        "region_id": 15
      },
      {
        "id": 311,
        "nombre": "Lo Prado",
        "numero": 13117,
        "region_id": 15
      },
      {
        "id": 312,
        "nombre": "Macul",
        "numero": 13118,
        "region_id": 15
      },
      {
        "id": 313,
        "nombre": "Maipú",
        "numero": 13119,
        "region_id": 15
      },
      {
        "id": 314,
        "nombre": "Ñuñoa",
        "numero": 13120,
        "region_id": 15
      },
      {
        "id": 315,
        "nombre": "Pedro Aguirre Cerda",
        "numero": 13121,
        "region_id": 15
      },
      {
        "id": 316,
        "nombre": "Peñalolén",
        "numero": 13122,
        "region_id": 15
      },
      {
        "id": 317,
        "nombre": "Providencia",
        "numero": 13123,
        "region_id": 15
      },
      {
        "id": 318,
        "nombre": "Pudahuel",
        "numero": 13124,
        "region_id": 15
      },
      {
        "id": 319,
        "nombre": "Quilicura",
        "numero": 13125,
        "region_id": 15
      },
      {
        "id": 320,
        "nombre": "Quinta Normal",
        "numero": 13126,
        "region_id": 15
      },
      {
        "id": 321,
        "nombre": "Recoleta",
        "numero": 13127,
        "region_id": 15
      },
      {
        "id": 322,
        "nombre": "Renca",
        "numero": 13128,
        "region_id": 15
      },
      {
        "id": 323,
        "nombre": "San Joaquín",
        "numero": 13129,
        "region_id": 15
      },
      {
        "id": 324,
        "nombre": "San Miguel",
        "numero": 13130,
        "region_id": 15
      },
      {
        "id": 325,
        "nombre": "San Ramón",
        "numero": 13131,
        "region_id": 15
      },
      {
        "id": 326,
        "nombre": "Vitacura",
        "numero": 13132,
        "region_id": 15
      },
      {
        "id": 327,
        "nombre": "Puente Alto",
        "numero": 13201,
        "region_id": 15
      },
      {
        "id": 328,
        "nombre": "Pirque",
        "numero": 13202,
        "region_id": 15
      },
      {
        "id": 329,
        "nombre": "San José de Maipo",
        "numero": 13203,
        "region_id": 15
      },
      {
        "id": 330,
        "nombre": "Colina",
        "numero": 13301,
        "region_id": 15
      },
      {
        "id": 331,
        "nombre": "Lampa",
        "numero": 13302,
        "region_id": 15
      },
      {
        "id": 332,
        "nombre": "Til Til",
        "numero": 13303,
        "region_id": 15
      },
      {
        "id": 333,
        "nombre": "San Bernardo",
        "numero": 13401,
        "region_id": 15
      },
      {
        "id": 334,
        "nombre": "Buin",
        "numero": 13402,
        "region_id": 15
      },
      {
        "id": 335,
        "nombre": "Calera de Tango",
        "numero": 13403,
        "region_id": 15
      },
      {
        "id": 336,
        "nombre": "Paine",
        "numero": 13404,
        "region_id": 15
      },
      {
        "id": 337,
        "nombre": "Melipilla",
        "numero": 13501,
        "region_id": 15
      },
      {
        "id": 338,
        "nombre": "Alhué",
        "numero": 13502,
        "region_id": 15
      },
      {
        "id": 339,
        "nombre": "Curacaví",
        "numero": 13503,
        "region_id": 15
      },
      {
        "id": 340,
        "nombre": "María Pinto",
        "numero": 13504,
        "region_id": 15
      },
      {
        "id": 341,
        "nombre": "San Pedro",
        "numero": 13505,
        "region_id": 15
      },
      {
        "id": 342,
        "nombre": "Talagante",
        "numero": 13601,
        "region_id": 15
      },
      {
        "id": 343,
        "nombre": "El Monte",
        "numero": 13602,
        "region_id": 15
      },
      {
        "id": 344,
        "nombre": "Isla de Maipo",
        "numero": 13603,
        "region_id": 15
      },
      {
        "id": 345,
        "nombre": "Padre Hurtado",
        "numero": 13604,
        "region_id": 15
      },
      {
        "id": 346,
        "nombre": "Peñaflor",
        "numero": 13605,
        "region_id": 15
      },
      {
        "id": 179,
        "nombre": "Chillán",
        "numero": 8401,
        "region_id": 27
      },
      {
        "id": 180,
        "nombre": "Bulnes",
        "numero": 8402,
        "region_id": 27
      },
      {
        "id": 184,
        "nombre": "Chillán Viejo",
        "numero": 8406,
        "region_id": 27
      },
      {
        "id": 185,
        "nombre": "El Carmen",
        "numero": 8407,
        "region_id": 27
      },
      {
        "id": 188,
        "nombre": "Pemuco",
        "numero": 8410,
        "region_id": 27
      },
      {
        "id": 189,
        "nombre": "Pinto",
        "numero": 8411,
        "region_id": 27
      },
      {
        "id": 191,
        "nombre": "Quillón",
        "numero": 8413,
        "region_id": 27
      },
      {
        "id": 196,
        "nombre": "San Ignacio",
        "numero": 8418,
        "region_id": 27
      },
      {
        "id": 199,
        "nombre": "Yungay",
        "numero": 8421,
        "region_id": 27
      },
      {
        "id": 181,
        "nombre": "Cobquecura",
        "numero": 8403,
        "region_id": 27
      },
      {
        "id": 182,
        "nombre": "Coelemu",
        "numero": 8404,
        "region_id": 27
      },
      {
        "id": 186,
        "nombre": "Ninhue",
        "numero": 8408,
        "region_id": 27
      },
      {
        "id": 190,
        "nombre": "Portezuelo",
        "numero": 8412,
        "region_id": 27
      },
      {
        "id": 192,
        "nombre": "Quirihue",
        "numero": 8414,
        "region_id": 27
      },
      {
        "id": 193,
        "nombre": "Ránquil",
        "numero": 8415,
        "region_id": 27
      },
      {
        "id": 198,
        "nombre": "Treguaco",
        "numero": 8420,
        "region_id": 27
      },
      {
        "id": 183,
        "nombre": "Coihueco",
        "numero": 8405,
        "region_id": 27
      },
      {
        "id": 187,
        "nombre": "Ñiquén",
        "numero": 8409,
        "region_id": 27
      },
      {
        "id": 194,
        "nombre": "San Carlos",
        "numero": 8416,
        "region_id": 27
      },
      {
        "id": 195,
        "nombre": "San Fabián",
        "numero": 8417,
        "region_id": 27
      },
      {
        "id": 197,
        "nombre": "San Nicolás",
        "numero": 8419,
        "region_id": 27
      }
    ],
    "ciudades": [
      {
        "id": 1,
        "nombre": "Arica",
        "region_id": 1
      },
      {
        "id": 2,
        "nombre": "Iquique",
        "region_id": 2
      },
      {
        "id": 3,
        "nombre": "Alto Hospicio",
        "region_id": 2
      },
      {
        "id": 4,
        "nombre": "Pozo Almonte",
        "region_id": 2
      },
      {
        "id": 5,
        "nombre": "Antofagasta",
        "region_id": 3
      },
      {
        "id": 6,
        "nombre": "Calama",
        "region_id": 3
      },
      {
        "id": 7,
        "nombre": "Tocopilla",
        "region_id": 3
      },
      {
        "id": 8,
        "nombre": "Taltal",
        "region_id": 3
      },
      {
        "id": 9,
        "nombre": "Mejillones",
        "region_id": 3
      },
      {
        "id": 10,
        "nombre": "María Elena",
        "region_id": 3
      },
      {
        "id": 11,
        "nombre": "Copiapó",
        "region_id": 4
      },
      {
        "id": 12,
        "nombre": "Caldera",
        "region_id": 4
      },
      {
        "id": 13,
        "nombre": "Tierra Amarilla",
        "region_id": 4
      },
      {
        "id": 14,
        "nombre": "Chañaral",
        "region_id": 4
      },
      {
        "id": 15,
        "nombre": "Diego de Almagro",
        "region_id": 4
      },
      {
        "id": 16,
        "nombre": "El Salvador",
        "region_id": 4
      },
      {
        "id": 17,
        "nombre": "Vallenar",
        "region_id": 4
      },
      {
        "id": 18,
        "nombre": "Huasco",
        "region_id": 4
      },
      {
        "id": 19,
        "nombre": "La Serena",
        "region_id": 5
      },
      {
        "id": 20,
        "nombre": "Coquimbo",
        "region_id": 5
      },
      {
        "id": 21,
        "nombre": "Andacollo",
        "region_id": 5
      },
      {
        "id": 22,
        "nombre": "Vicuña",
        "region_id": 5
      },
      {
        "id": 23,
        "nombre": "Illapel",
        "region_id": 5
      },
      {
        "id": 24,
        "nombre": "Los Vilos",
        "region_id": 5
      },
      {
        "id": 25,
        "nombre": "Salamanca",
        "region_id": 5
      },
      {
        "id": 26,
        "nombre": "Ovalle",
        "region_id": 5
      },
      {
        "id": 27,
        "nombre": "Combarbalá",
        "region_id": 5
      },
      {
        "id": 28,
        "nombre": "Monte Patria",
        "region_id": 5
      },
      {
        "id": 29,
        "nombre": "Valparaíso",
        "region_id": 6
      },
      {
        "id": 30,
        "nombre": "Concón",
        "region_id": 6
      },
      {
        "id": 31,
        "nombre": "Viña del Mar",
        "region_id": 6
      },
      {
        "id": 32,
        "nombre": "Villa Alemana",
        "region_id": 6
      },
      {
        "id": 33,
        "nombre": "Quilpué",
        "region_id": 6
      },
      {
        "id": 34,
        "nombre": "Placilla de Peñuelas",
        "region_id": 6
      },
      {
        "id": 35,
        "nombre": "San Antonio",
        "region_id": 6
      },
      {
        "id": 36,
        "nombre": "Santo Domingo",
        "region_id": 6
      },
      {
        "id": 37,
        "nombre": "Cartagena",
        "region_id": 6
      },
      {
        "id": 38,
        "nombre": "Quillota",
        "region_id": 6
      },
      {
        "id": 39,
        "nombre": "Hijuelas",
        "region_id": 6
      },
      {
        "id": 40,
        "nombre": "La Calera",
        "region_id": 6
      },
      {
        "id": 41,
        "nombre": "La Cruz",
        "region_id": 6
      },
      {
        "id": 42,
        "nombre": "San Felipe",
        "region_id": 6
      },
      {
        "id": 43,
        "nombre": "Casablanca",
        "region_id": 6
      },
      {
        "id": 44,
        "nombre": "Las Ventanas",
        "region_id": 6
      },
      {
        "id": 45,
        "nombre": "Quintero",
        "region_id": 6
      },
      {
        "id": 46,
        "nombre": "Los Andes",
        "region_id": 6
      },
      {
        "id": 47,
        "nombre": "Calle Larga",
        "region_id": 6
      },
      {
        "id": 48,
        "nombre": "Rinconada",
        "region_id": 6
      },
      {
        "id": 49,
        "nombre": "San Esteban",
        "region_id": 6
      },
      {
        "id": 50,
        "nombre": "La Ligua",
        "region_id": 6
      },
      {
        "id": 51,
        "nombre": "Cabildo",
        "region_id": 6
      },
      {
        "id": 52,
        "nombre": "Limache",
        "region_id": 6
      },
      {
        "id": 53,
        "nombre": "Nogales",
        "region_id": 6
      },
      {
        "id": 54,
        "nombre": "El Melón",
        "region_id": 6
      },
      {
        "id": 55,
        "nombre": "Olmué",
        "region_id": 6
      },
      {
        "id": 56,
        "nombre": "Algarrobo",
        "region_id": 6
      },
      {
        "id": 57,
        "nombre": "El Quisco",
        "region_id": 6
      },
      {
        "id": 58,
        "nombre": "El Tabo",
        "region_id": 6
      },
      {
        "id": 59,
        "nombre": "Catemu",
        "region_id": 6
      },
      {
        "id": 60,
        "nombre": "Llay-Llay",
        "region_id": 6
      },
      {
        "id": 61,
        "nombre": "Putaendo",
        "region_id": 6
      },
      {
        "id": 62,
        "nombre": "Santa María",
        "region_id": 6
      },
      {
        "id": 213,
        "nombre": "Papudo",
        "region_id": 6
      },
      {
        "id": 365,
        "nombre": "Petorca",
        "region_id": 6
      },
      {
        "id": 415,
        "nombre": "Panquehue",
        "region_id": 6
      },
      {
        "id": 63,
        "nombre": "Rancagua",
        "region_id": 7
      },
      {
        "id": 64,
        "nombre": "Machalí",
        "region_id": 7
      },
      {
        "id": 65,
        "nombre": "Gultro",
        "region_id": 7
      },
      {
        "id": 66,
        "nombre": "Codegua",
        "region_id": 7
      },
      {
        "id": 67,
        "nombre": "Doñihue",
        "region_id": 7
      },
      {
        "id": 68,
        "nombre": "Lo Miranda",
        "region_id": 7
      },
      {
        "id": 69,
        "nombre": "Graneros",
        "region_id": 7
      },
      {
        "id": 70,
        "nombre": "Las Cabras",
        "region_id": 7
      },
      {
        "id": 71,
        "nombre": "San Francisco de Mostazal",
        "region_id": 7
      },
      {
        "id": 72,
        "nombre": "Peumo",
        "region_id": 7
      },
      {
        "id": 73,
        "nombre": "Quinta de Tilcoco",
        "region_id": 7
      },
      {
        "id": 74,
        "nombre": "Rengo",
        "region_id": 7
      },
      {
        "id": 75,
        "nombre": "Requínoa",
        "region_id": 7
      },
      {
        "id": 76,
        "nombre": "San Vicente de Tagua Tagua",
        "region_id": 7
      },
      {
        "id": 77,
        "nombre": "Pichilemu",
        "region_id": 7
      },
      {
        "id": 78,
        "nombre": "San Fernando",
        "region_id": 7
      },
      {
        "id": 79,
        "nombre": "Chimbarongo",
        "region_id": 7
      },
      {
        "id": 80,
        "nombre": "Nancagua",
        "region_id": 7
      },
      {
        "id": 81,
        "nombre": "Palmilla",
        "region_id": 7
      },
      {
        "id": 82,
        "nombre": "Santa Cruz",
        "region_id": 7
      },
      {
        "id": 335,
        "nombre": "Marchigüe",
        "region_id": 7
      },
      {
        "id": 339,
        "nombre": "Coltauco",
        "region_id": 7
      },
      {
        "id": 354,
        "nombre": "Navidad",
        "region_id": 7
      },
      {
        "id": 355,
        "nombre": "Paredones",
        "region_id": 7
      },
      {
        "id": 413,
        "nombre": "Lolol",
        "region_id": 7
      },
      {
        "id": 417,
        "nombre": "Pichidegua",
        "region_id": 7
      },
      {
        "id": 431,
        "nombre": "Litueche",
        "region_id": 7
      },
      {
        "id": 438,
        "nombre": "Chépica",
        "region_id": 7
      },
      {
        "id": 83,
        "nombre": "Talca",
        "region_id": 8
      },
      {
        "id": 84,
        "nombre": "Curicó",
        "region_id": 8
      },
      {
        "id": 85,
        "nombre": "Linares",
        "region_id": 8
      },
      {
        "id": 86,
        "nombre": "Constitución",
        "region_id": 8
      },
      {
        "id": 87,
        "nombre": "San Clemente",
        "region_id": 8
      },
      {
        "id": 88,
        "nombre": "Cauquenes",
        "region_id": 8
      },
      {
        "id": 89,
        "nombre": "Hualañé",
        "region_id": 8
      },
      {
        "id": 90,
        "nombre": "Molina",
        "region_id": 8
      },
      {
        "id": 91,
        "nombre": "Teno",
        "region_id": 8
      },
      {
        "id": 92,
        "nombre": "Longaví",
        "region_id": 8
      },
      {
        "id": 93,
        "nombre": "Parral",
        "region_id": 8
      },
      {
        "id": 94,
        "nombre": "San Javier",
        "region_id": 8
      },
      {
        "id": 95,
        "nombre": "Villa Alegre",
        "region_id": 8
      },
      {
        "id": 356,
        "nombre": "Rauco",
        "region_id": 8
      },
      {
        "id": 374,
        "nombre": "Maule",
        "region_id": 8
      },
      {
        "id": 406,
        "nombre": "Curepto",
        "region_id": 8
      },
      {
        "id": 96,
        "nombre": "Concepción",
        "region_id": 9
      },
      {
        "id": 97,
        "nombre": "Talcahuano",
        "region_id": 9
      },
      {
        "id": 98,
        "nombre": "Chiguayante",
        "region_id": 9
      },
      {
        "id": 99,
        "nombre": "Coronel",
        "region_id": 9
      },
      {
        "id": 100,
        "nombre": "Hualqui",
        "region_id": 9
      },
      {
        "id": 101,
        "nombre": "Lota",
        "region_id": 9
      },
      {
        "id": 102,
        "nombre": "Penco",
        "region_id": 9
      },
      {
        "id": 103,
        "nombre": "Tomé",
        "region_id": 9
      },
      {
        "id": 104,
        "nombre": "Hualpén",
        "region_id": 9
      },
      {
        "id": 105,
        "nombre": "San Pedro de la Paz",
        "region_id": 9
      },
      {
        "id": 108,
        "nombre": "Los Ángeles",
        "region_id": 9
      },
      {
        "id": 109,
        "nombre": "Santa Juana",
        "region_id": 9
      },
      {
        "id": 110,
        "nombre": "Lebu",
        "region_id": 9
      },
      {
        "id": 111,
        "nombre": "Arauco",
        "region_id": 9
      },
      {
        "id": 112,
        "nombre": "Cañete",
        "region_id": 9
      },
      {
        "id": 113,
        "nombre": "Curanilahue",
        "region_id": 9
      },
      {
        "id": 114,
        "nombre": "Los Álamos",
        "region_id": 9
      },
      {
        "id": 115,
        "nombre": "Cabrero",
        "region_id": 9
      },
      {
        "id": 116,
        "nombre": "Monte Águila",
        "region_id": 9
      },
      {
        "id": 117,
        "nombre": "Conurbación La Laja-San Rosendo",
        "region_id": 9
      },
      {
        "id": 118,
        "nombre": "Mulchén",
        "region_id": 9
      },
      {
        "id": 119,
        "nombre": "Nacimiento",
        "region_id": 9
      },
      {
        "id": 120,
        "nombre": "Santa Bárbara",
        "region_id": 9
      },
      {
        "id": 121,
        "nombre": "Huépil",
        "region_id": 9
      },
      {
        "id": 122,
        "nombre": "Yumbel",
        "region_id": 9
      },
      {
        "id": 199,
        "nombre": "Pemuco",
        "region_id": 9
      },
      {
        "id": 299,
        "nombre": "Negrete",
        "region_id": 9
      },
      {
        "id": 320,
        "nombre": "Contulmo",
        "region_id": 9
      },
      {
        "id": 373,
        "nombre": "Tucapel",
        "region_id": 9
      },
      {
        "id": 130,
        "nombre": "Temuco",
        "region_id": 10
      },
      {
        "id": 131,
        "nombre": "Padre Las Casas",
        "region_id": 10
      },
      {
        "id": 132,
        "nombre": "Labranza",
        "region_id": 10
      },
      {
        "id": 133,
        "nombre": "Carahue",
        "region_id": 10
      },
      {
        "id": 134,
        "nombre": "Cunco",
        "region_id": 10
      },
      {
        "id": 135,
        "nombre": "Freire",
        "region_id": 10
      },
      {
        "id": 136,
        "nombre": "Gorbea",
        "region_id": 10
      },
      {
        "id": 137,
        "nombre": "Lautaro",
        "region_id": 10
      },
      {
        "id": 138,
        "nombre": "Loncoche",
        "region_id": 10
      },
      {
        "id": 139,
        "nombre": "Nueva Imperial",
        "region_id": 10
      },
      {
        "id": 140,
        "nombre": "Pitrufquén",
        "region_id": 10
      },
      {
        "id": 141,
        "nombre": "Pucón",
        "region_id": 10
      },
      {
        "id": 142,
        "nombre": "Villarrica",
        "region_id": 10
      },
      {
        "id": 143,
        "nombre": "Angol",
        "region_id": 10
      },
      {
        "id": 144,
        "nombre": "Collipulli",
        "region_id": 10
      },
      {
        "id": 145,
        "nombre": "Curacautín",
        "region_id": 10
      },
      {
        "id": 146,
        "nombre": "Purén",
        "region_id": 10
      },
      {
        "id": 147,
        "nombre": "Renaico",
        "region_id": 10
      },
      {
        "id": 148,
        "nombre": "Traiguén",
        "region_id": 10
      },
      {
        "id": 149,
        "nombre": "Victoria",
        "region_id": 10
      },
      {
        "id": 243,
        "nombre": "Vilcún",
        "region_id": 10
      },
      {
        "id": 244,
        "nombre": "Capitán Pastene",
        "region_id": 10
      },
      {
        "id": 255,
        "nombre": "Ercilla",
        "region_id": 10
      },
      {
        "id": 304,
        "nombre": "Cholchol",
        "region_id": 10
      },
      {
        "id": 305,
        "nombre": "Galvarino",
        "region_id": 10
      },
      {
        "id": 306,
        "nombre": "Lumaco",
        "region_id": 10
      },
      {
        "id": 307,
        "nombre": "Los Sauces",
        "region_id": 10
      },
      {
        "id": 308,
        "nombre": "Contulmo",
        "region_id": 10
      },
      {
        "id": 324,
        "nombre": "Lonquimay",
        "region_id": 10
      },
      {
        "id": 375,
        "nombre": "Toltén",
        "region_id": 10
      },
      {
        "id": 424,
        "nombre": "Teodoro Schmidt",
        "region_id": 10
      },
      {
        "id": 425,
        "nombre": "Saavedra",
        "region_id": 10
      },
      {
        "id": 432,
        "nombre": "Curarrehue",
        "region_id": 10
      },
      {
        "id": 150,
        "nombre": "Valdivia",
        "region_id": 11
      },
      {
        "id": 151,
        "nombre": "Futrono",
        "region_id": 11
      },
      {
        "id": 152,
        "nombre": "La Unión",
        "region_id": 11
      },
      {
        "id": 153,
        "nombre": "Lanco",
        "region_id": 11
      },
      {
        "id": 154,
        "nombre": "Los Lagos",
        "region_id": 11
      },
      {
        "id": 155,
        "nombre": "San José de la Mariquina",
        "region_id": 11
      },
      {
        "id": 156,
        "nombre": "Paillaco",
        "region_id": 11
      },
      {
        "id": 157,
        "nombre": "Panguipulli",
        "region_id": 11
      },
      {
        "id": 158,
        "nombre": "Río Bueno",
        "region_id": 11
      },
      {
        "id": 358,
        "nombre": "Lago Ranco",
        "region_id": 11
      },
      {
        "id": 159,
        "nombre": "Puerto Montt",
        "region_id": 12
      },
      {
        "id": 160,
        "nombre": "Puerto Varas",
        "region_id": 12
      },
      {
        "id": 161,
        "nombre": "Calbuco",
        "region_id": 12
      },
      {
        "id": 162,
        "nombre": "Fresia",
        "region_id": 12
      },
      {
        "id": 163,
        "nombre": "Frutillar",
        "region_id": 12
      },
      {
        "id": 164,
        "nombre": "Los Muermos",
        "region_id": 12
      },
      {
        "id": 165,
        "nombre": "Llanquihue",
        "region_id": 12
      },
      {
        "id": 166,
        "nombre": "Castro",
        "region_id": 12
      },
      {
        "id": 167,
        "nombre": "Ancud",
        "region_id": 12
      },
      {
        "id": 168,
        "nombre": "Quellón",
        "region_id": 12
      },
      {
        "id": 169,
        "nombre": "Osorno",
        "region_id": 12
      },
      {
        "id": 170,
        "nombre": "Purranque",
        "region_id": 12
      },
      {
        "id": 171,
        "nombre": "Río Negro",
        "region_id": 12
      },
      {
        "id": 214,
        "nombre": "Chaitén",
        "region_id": 12
      },
      {
        "id": 215,
        "nombre": "Chonchi",
        "region_id": 12
      },
      {
        "id": 224,
        "nombre": "Dalcahue",
        "region_id": 12
      },
      {
        "id": 225,
        "nombre": "Quinchao",
        "region_id": 12
      },
      {
        "id": 229,
        "nombre": "Maullín",
        "region_id": 12
      },
      {
        "id": 348,
        "nombre": "Quemchi",
        "region_id": 12
      },
      {
        "id": 366,
        "nombre": "Alerce",
        "region_id": 12
      },
      {
        "id": 172,
        "nombre": "Coyhaique",
        "region_id": 13
      },
      {
        "id": 173,
        "nombre": "Puerto Aysén",
        "region_id": 13
      },
      {
        "id": 212,
        "nombre": "Chile Chico",
        "region_id": 13
      },
      {
        "id": 266,
        "nombre": "Cochrane",
        "region_id": 13
      },
      {
        "id": 346,
        "nombre": "Puerto Cisnes",
        "region_id": 13
      },
      {
        "id": 174,
        "nombre": "Punta Arenas",
        "region_id": 14
      },
      {
        "id": 175,
        "nombre": "Puerto Natales",
        "region_id": 14
      },
      {
        "id": 211,
        "nombre": "Puerto Williams",
        "region_id": 14
      },
      {
        "id": 318,
        "nombre": "Porvenir",
        "region_id": 14
      },
      {
        "id": 176,
        "nombre": "Santiago",
        "region_id": 15
      },
      {
        "id": 177,
        "nombre": "San José de Maipo",
        "region_id": 15
      },
      {
        "id": 178,
        "nombre": "Colina",
        "region_id": 15
      },
      {
        "id": 179,
        "nombre": "Lampa",
        "region_id": 15
      },
      {
        "id": 180,
        "nombre": "Batuco",
        "region_id": 15
      },
      {
        "id": 181,
        "nombre": "Tiltil",
        "region_id": 15
      },
      {
        "id": 182,
        "nombre": "Buin",
        "region_id": 15
      },
      {
        "id": 183,
        "nombre": "Alto Jahuel",
        "region_id": 15
      },
      {
        "id": 184,
        "nombre": "Bajos de San Agustín",
        "region_id": 15
      },
      {
        "id": 185,
        "nombre": "Paine",
        "region_id": 15
      },
      {
        "id": 186,
        "nombre": "Hospital",
        "region_id": 15
      },
      {
        "id": 187,
        "nombre": "Melipilla",
        "region_id": 15
      },
      {
        "id": 188,
        "nombre": "Curacaví",
        "region_id": 15
      },
      {
        "id": 189,
        "nombre": "Talagante",
        "region_id": 15
      },
      {
        "id": 190,
        "nombre": "El Monte",
        "region_id": 15
      },
      {
        "id": 191,
        "nombre": "Isla de Maipo",
        "region_id": 15
      },
      {
        "id": 192,
        "nombre": "La Islita",
        "region_id": 15
      },
      {
        "id": 193,
        "nombre": "Peñaflor",
        "region_id": 15
      },
      {
        "id": 353,
        "nombre": "San Bernardo",
        "region_id": 15
      },
      {
        "id": 106,
        "nombre": "Chillán",
        "region_id": 27
      },
      {
        "id": 107,
        "nombre": "Chillán Viejo",
        "region_id": 27
      },
      {
        "id": 123,
        "nombre": "Bulnes",
        "region_id": 27
      },
      {
        "id": 124,
        "nombre": "Coelemu",
        "region_id": 27
      },
      {
        "id": 125,
        "nombre": "Coihueco",
        "region_id": 27
      },
      {
        "id": 126,
        "nombre": "Quillón",
        "region_id": 27
      },
      {
        "id": 127,
        "nombre": "Quirihue",
        "region_id": 27
      },
      {
        "id": 128,
        "nombre": "San Carlos",
        "region_id": 27
      },
      {
        "id": 129,
        "nombre": "Yungay",
        "region_id": 27
      },
      {
        "id": 359,
        "nombre": "El Carmen",
        "region_id": 27
      },
      {
        "id": 364,
        "nombre": "Cobquecura",
        "region_id": 27
      }
    ]
  }